{"1-001.dcm.jpg172874":{"filename":"1-001.dcm.jpg","size":172874,"regions":[],"file_attributes":{"caption":"","public_domain":"no","image_url":""}},"1-002.dcm.jpg164498":{"filename":"1-002.dcm.jpg","size":164498,"regions":[],"file_attributes":{"caption":"","public_domain":"no","image_url":""}},"1-003.dcm.jpg171243":{"filename":"1-003.dcm.jpg","size":171243,"regions":[],"file_attributes":{"caption":"","public_domain":"no","image_url":""}},"1-004.dcm.jpg171544":{"filename":"1-004.dcm.jpg","size":171544,"regions":[],"file_attributes":{"caption":"","public_domain":"no","image_url":""}},"1-005.dcm.jpg173492":{"filename":"1-005.dcm.jpg","size":173492,"regions":[],"file_attributes":{"caption":"","public_domain":"no","image_url":""}},"1-006.dcm.jpg170276":{"filename":"1-006.dcm.jpg","size":170276,"regions":[],"file_attributes":{"caption":"","public_domain":"no","image_url":""}},"1-007.dcm.jpg174916":{"filename":"1-007.dcm.jpg","size":174916,"regions":[],"file_attributes":{"caption":"","public_domain":"no","image_url":""}},"1-008.dcm.jpg171586":{"filename":"1-008.dcm.jpg","size":171586,"regions":[],"file_attributes":{"caption":"","public_domain":"no","image_url":""}},"1-009.dcm.jpg171826":{"filename":"1-009.dcm.jpg","size":171826,"regions":[],"file_attributes":{"caption":"","public_domain":"no","image_url":""}},"1-010.dcm.jpg168558":{"filename":"1-010.dcm.jpg","size":168558,"regions":[],"file_attributes":{"caption":"","public_domain":"no","image_url":""}},"1-011.dcm.jpg172697":{"filename":"1-011.dcm.jpg","size":172697,"regions":[],"file_attributes":{"caption":"","public_domain":"no","image_url":""}},"1-012.dcm.jpg170883":{"filename":"1-012.dcm.jpg","size":170883,"regions":[],"file_attributes":{"caption":"","public_domain":"no","image_url":""}},"1-013.dcm.jpg171663":{"filename":"1-013.dcm.jpg","size":171663,"regions":[],"file_attributes":{"caption":"","public_domain":"no","image_url":""}},"1-014.dcm.jpg171138":{"filename":"1-014.dcm.jpg","size":171138,"regions":[],"file_attributes":{"caption":"","public_domain":"no","image_url":""}},"1-015.dcm.jpg169422":{"filename":"1-015.dcm.jpg","size":169422,"regions":[],"file_attributes":{"caption":"","public_domain":"no","image_url":""}},"1-016.dcm.jpg171234":{"filename":"1-016.dcm.jpg","size":171234,"regions":[],"file_attributes":{"caption":"","public_domain":"no","image_url":""}},"1-017.dcm.jpg172193":{"filename":"1-017.dcm.jpg","size":172193,"regions":[],"file_attributes":{"caption":"","public_domain":"no","image_url":""}},"1-018.dcm.jpg170791":{"filename":"1-018.dcm.jpg","size":170791,"regions":[],"file_attributes":{"caption":"","public_domain":"no","image_url":""}},"1-019.dcm.jpg167721":{"filename":"1-019.dcm.jpg","size":167721,"regions":[],"file_attributes":{"caption":"","public_domain":"no","image_url":""}},"1-020.dcm.jpg171249":{"filename":"1-020.dcm.jpg","size":171249,"regions":[],"file_attributes":{"caption":"","public_domain":"no","image_url":""}},"1-021.dcm.jpg173663":{"filename":"1-021.dcm.jpg","size":173663,"regions":[],"file_attributes":{"caption":"","public_domain":"no","image_url":""}},"1-022.dcm.jpg171393":{"filename":"1-022.dcm.jpg","size":171393,"regions":[],"file_attributes":{"caption":"","public_domain":"no","image_url":""}},"1-023.dcm.jpg168838":{"filename":"1-023.dcm.jpg","size":168838,"regions":[],"file_attributes":{"caption":"","public_domain":"no","image_url":""}},"1-024.dcm.jpg172477":{"filename":"1-024.dcm.jpg","size":172477,"regions":[],"file_attributes":{"caption":"","public_domain":"no","image_url":""}},"1-025.dcm.jpg174079":{"filename":"1-025.dcm.jpg","size":174079,"regions":[],"file_attributes":{"caption":"","public_domain":"no","image_url":""}},"1-026.dcm.jpg172612":{"filename":"1-026.dcm.jpg","size":172612,"regions":[],"file_attributes":{"caption":"","public_domain":"no","image_url":""}},"1-027.dcm.jpg171168":{"filename":"1-027.dcm.jpg","size":171168,"regions":[],"file_attributes":{"caption":"","public_domain":"no","image_url":""}},"1-028.dcm.jpg172694":{"filename":"1-028.dcm.jpg","size":172694,"regions":[],"file_attributes":{"caption":"","public_domain":"no","image_url":""}},"1-029.dcm.jpg171975":{"filename":"1-029.dcm.jpg","size":171975,"regions":[],"file_attributes":{"caption":"","public_domain":"no","image_url":""}},"1-030.dcm.jpg172039":{"filename":"1-030.dcm.jpg","size":172039,"regions":[],"file_attributes":{"caption":"","public_domain":"no","image_url":""}},"1-031.dcm.jpg171677":{"filename":"1-031.dcm.jpg","size":171677,"regions":[],"file_attributes":{"caption":"","public_domain":"no","image_url":""}},"1-032.dcm.jpg174369":{"filename":"1-032.dcm.jpg","size":174369,"regions":[],"file_attributes":{"caption":"","public_domain":"no","image_url":""}},"1-033.dcm.jpg172016":{"filename":"1-033.dcm.jpg","size":172016,"regions":[],"file_attributes":{"caption":"","public_domain":"no","image_url":""}},"1-034.dcm.jpg172544":{"filename":"1-034.dcm.jpg","size":172544,"regions":[],"file_attributes":{"caption":"","public_domain":"no","image_url":""}},"1-035.dcm.jpg173049":{"filename":"1-035.dcm.jpg","size":173049,"regions":[],"file_attributes":{"caption":"","public_domain":"no","image_url":""}},"1-036.dcm.jpg174122":{"filename":"1-036.dcm.jpg","size":174122,"regions":[],"file_attributes":{"caption":"","public_domain":"no","image_url":""}},"1-037.dcm.jpg176119":{"filename":"1-037.dcm.jpg","size":176119,"regions":[],"file_attributes":{"caption":"","public_domain":"no","image_url":""}},"1-038.dcm.jpg173779":{"filename":"1-038.dcm.jpg","size":173779,"regions":[],"file_attributes":{"caption":"","public_domain":"no","image_url":""}},"1-039.dcm.jpg173925":{"filename":"1-039.dcm.jpg","size":173925,"regions":[],"file_attributes":{"caption":"","public_domain":"no","image_url":""}},"1-040.dcm.jpg175859":{"filename":"1-040.dcm.jpg","size":175859,"regions":[],"file_attributes":{"caption":"","public_domain":"no","image_url":""}},"1-041.dcm.jpg177701":{"filename":"1-041.dcm.jpg","size":177701,"regions":[],"file_attributes":{"caption":"","public_domain":"no","image_url":""}},"1-042.dcm.jpg176386":{"filename":"1-042.dcm.jpg","size":176386,"regions":[],"file_attributes":{"caption":"","public_domain":"no","image_url":""}},"1-043.dcm.jpg175801":{"filename":"1-043.dcm.jpg","size":175801,"regions":[],"file_attributes":{"caption":"","public_domain":"no","image_url":""}},"1-044.dcm.jpg178734":{"filename":"1-044.dcm.jpg","size":178734,"regions":[],"file_attributes":{"caption":"","public_domain":"no","image_url":""}},"1-045.dcm.jpg178379":{"filename":"1-045.dcm.jpg","size":178379,"regions":[],"file_attributes":{"caption":"","public_domain":"no","image_url":""}},"1-046.dcm.jpg177885":{"filename":"1-046.dcm.jpg","size":177885,"regions":[],"file_attributes":{"caption":"","public_domain":"no","image_url":""}},"1-047.dcm.jpg180376":{"filename":"1-047.dcm.jpg","size":180376,"regions":[],"file_attributes":{"caption":"","public_domain":"no","image_url":""}},"1-048.dcm.jpg181394":{"filename":"1-048.dcm.jpg","size":181394,"regions":[],"file_attributes":{"caption":"","public_domain":"no","image_url":""}},"1-049.dcm.jpg182452":{"filename":"1-049.dcm.jpg","size":182452,"regions":[],"file_attributes":{"caption":"","public_domain":"no","image_url":""}},"1-050.dcm.jpg183522":{"filename":"1-050.dcm.jpg","size":183522,"regions":[],"file_attributes":{"caption":"","public_domain":"no","image_url":""}},"1-051.dcm.jpg184193":{"filename":"1-051.dcm.jpg","size":184193,"regions":[],"file_attributes":{"caption":"","public_domain":"no","image_url":""}},"1-052.dcm.jpg187515":{"filename":"1-052.dcm.jpg","size":187515,"regions":[],"file_attributes":{"caption":"","public_domain":"no","image_url":""}},"1-053.dcm.jpg189652":{"filename":"1-053.dcm.jpg","size":189652,"regions":[{"shape_attributes":{"name":"ellipse","cx":250,"cy":206,"rx":61.66,"ry":58,"theta":0.146},"region_attributes":{"name":"heart","type":"unknown","image_quality":{"good":true,"frontal":true,"good_illumination":true}}}],"file_attributes":{"caption":"","public_domain":"no","image_url":""}},"1-054.dcm.jpg189422":{"filename":"1-054.dcm.jpg","size":189422,"regions":[{"shape_attributes":{"name":"ellipse","cx":246,"cy":203,"rx":63,"ry":60,"theta":0},"region_attributes":{"name":"heart","type":"unknown","image_quality":{"good":true,"frontal":true,"good_illumination":true}}}],"file_attributes":{"caption":"","public_domain":"no","image_url":""}},"1-055.dcm.jpg184964":{"filename":"1-055.dcm.jpg","size":184964,"regions":[{"shape_attributes":{"name":"ellipse","cx":249,"cy":201,"rx":69,"ry":57,"theta":0},"region_attributes":{"name":"heart","type":"unknown","image_quality":{"good":true,"frontal":true,"good_illumination":true}}}],"file_attributes":{"caption":"","public_domain":"no","image_url":""}},"1-056.dcm.jpg189768":{"filename":"1-056.dcm.jpg","size":189768,"regions":[{"shape_attributes":{"name":"ellipse","cx":245,"cy":203,"rx":60,"ry":55,"theta":0},"region_attributes":{"name":"heart","type":"unknown","image_quality":{"good":true,"frontal":true,"good_illumination":true}}}],"file_attributes":{"caption":"","public_domain":"no","image_url":""}},"1-057.dcm.jpg188640":{"filename":"1-057.dcm.jpg","size":188640,"regions":[{"shape_attributes":{"name":"ellipse","cx":249,"cy":205,"rx":70,"ry":60.017,"theta":-2.957},"region_attributes":{"name":"heart","type":"unknown","image_quality":{"good":true,"frontal":true,"good_illumination":true}}}],"file_attributes":{"caption":"","public_domain":"no","image_url":""}},"1-058.dcm.jpg191065":{"filename":"1-058.dcm.jpg","size":191065,"regions":[{"shape_attributes":{"name":"ellipse","cx":244,"cy":203,"rx":66,"ry":58,"theta":0},"region_attributes":{"name":"heart","type":"unknown","image_quality":{"good":true,"frontal":true,"good_illumination":true}}}],"file_attributes":{"caption":"","public_domain":"no","image_url":""}},"1-059.dcm.jpg187056":{"filename":"1-059.dcm.jpg","size":187056,"regions":[{"shape_attributes":{"name":"ellipse","cx":248,"cy":205,"rx":67,"ry":64.07,"theta":-3.095},"region_attributes":{"name":"heart","type":"unknown","image_quality":{"good":true,"frontal":true,"good_illumination":true}}}],"file_attributes":{"caption":"","public_domain":"no","image_url":""}},"1-060.dcm.jpg190668":{"filename":"1-060.dcm.jpg","size":190668,"regions":[{"shape_attributes":{"name":"ellipse","cx":245,"cy":206,"rx":66,"ry":65.276,"theta":-3.05},"region_attributes":{"name":"heart","type":"unknown","image_quality":{"good":true,"frontal":true,"good_illumination":true}}}],"file_attributes":{"caption":"","public_domain":"no","image_url":""}},"1-061.dcm.jpg186534":{"filename":"1-061.dcm.jpg","size":186534,"regions":[{"shape_attributes":{"name":"ellipse","cx":244,"cy":202,"rx":64,"ry":64.031,"theta":3.11},"region_attributes":{"name":"heart","type":"unknown","image_quality":{"good":true,"frontal":true,"good_illumination":true}}}],"file_attributes":{"caption":"","public_domain":"no","image_url":""}},"1-062.dcm.jpg191208":{"filename":"1-062.dcm.jpg","size":191208,"regions":[{"shape_attributes":{"name":"ellipse","cx":247,"cy":203,"rx":67,"ry":69.181,"theta":-3.069},"region_attributes":{"name":"heart","type":"unknown","image_quality":{"good":true,"frontal":true,"good_illumination":true}}}],"file_attributes":{"caption":"","public_domain":"no","image_url":""}},"1-063.dcm.jpg188359":{"filename":"1-063.dcm.jpg","size":188359,"regions":[{"shape_attributes":{"name":"ellipse","cx":250,"cy":202,"rx":63,"ry":67,"theta":0},"region_attributes":{"name":"heart","type":"unknown","image_quality":{"good":true,"frontal":true,"good_illumination":true}}}],"file_attributes":{"caption":"","public_domain":"no","image_url":""}},"1-064.dcm.jpg192855":{"filename":"1-064.dcm.jpg","size":192855,"regions":[{"shape_attributes":{"name":"ellipse","cx":248,"cy":201,"rx":68,"ry":67,"theta":0},"region_attributes":{"name":"heart","type":"unknown","image_quality":{"good":true,"frontal":true,"good_illumination":true}}}],"file_attributes":{"caption":"","public_domain":"no","image_url":""}},"1-065.dcm.jpg192645":{"filename":"1-065.dcm.jpg","size":192645,"regions":[{"shape_attributes":{"name":"ellipse","cx":251,"cy":201,"rx":69,"ry":73,"theta":-3.142},"region_attributes":{"name":"heart","type":"unknown","image_quality":{"good":true,"frontal":true,"good_illumination":true}}}],"file_attributes":{"caption":"","public_domain":"no","image_url":""}},"1-066.dcm.jpg192452":{"filename":"1-066.dcm.jpg","size":192452,"regions":[{"shape_attributes":{"name":"ellipse","cx":252,"cy":205,"rx":72,"ry":69.26,"theta":-3.055},"region_attributes":{"name":"heart","type":"unknown","image_quality":{"good":true,"frontal":true,"good_illumination":true}}}],"file_attributes":{"caption":"","public_domain":"no","image_url":""}},"1-067.dcm.jpg190952":{"filename":"1-067.dcm.jpg","size":190952,"regions":[{"shape_attributes":{"name":"ellipse","cx":256,"cy":206,"rx":66,"ry":78.102,"theta":-3.09},"region_attributes":{"name":"heart","type":"unknown","image_quality":{"good":true,"frontal":true,"good_illumination":true}}}],"file_attributes":{"caption":"","public_domain":"no","image_url":""}},"1-068.dcm.jpg196537":{"filename":"1-068.dcm.jpg","size":196537,"regions":[{"shape_attributes":{"name":"ellipse","cx":254,"cy":205,"rx":68,"ry":75.027,"theta":3.115},"region_attributes":{"name":"heart","type":"unknown","image_quality":{"good":true,"frontal":true,"good_illumination":true}}}],"file_attributes":{"caption":"","public_domain":"no","image_url":""}},"1-069.dcm.jpg192856":{"filename":"1-069.dcm.jpg","size":192856,"regions":[{"shape_attributes":{"name":"ellipse","cx":258,"cy":205,"rx":65,"ry":79,"theta":0},"region_attributes":{"name":"heart","type":"unknown","image_quality":{"good":true,"frontal":true,"good_illumination":true}}}],"file_attributes":{"caption":"","public_domain":"no","image_url":""}},"1-070.dcm.jpg194773":{"filename":"1-070.dcm.jpg","size":194773,"regions":[{"shape_attributes":{"name":"ellipse","cx":254,"cy":201,"rx":64,"ry":78,"theta":0},"region_attributes":{"name":"heart","type":"unknown","image_quality":{"good":true,"frontal":true,"good_illumination":true}}}],"file_attributes":{"caption":"","public_domain":"no","image_url":""}},"1-071.dcm.jpg191092":{"filename":"1-071.dcm.jpg","size":191092,"regions":[{"shape_attributes":{"name":"ellipse","cx":257,"cy":202,"rx":67,"ry":78,"theta":0},"region_attributes":{"name":"heart","type":"unknown","image_quality":{"good":true,"frontal":true,"good_illumination":true}}}],"file_attributes":{"caption":"","public_domain":"no","image_url":""}},"1-072.dcm.jpg193423":{"filename":"1-072.dcm.jpg","size":193423,"regions":[{"shape_attributes":{"name":"ellipse","cx":261,"cy":204,"rx":79.057,"ry":79,"theta":3.104},"region_attributes":{"name":"heart","type":"unknown","image_quality":{"good":true,"frontal":true,"good_illumination":true}}}],"file_attributes":{"caption":"","public_domain":"no","image_url":""}},"1-073.dcm.jpg189500":{"filename":"1-073.dcm.jpg","size":189500,"regions":[{"shape_attributes":{"name":"ellipse","cx":258,"cy":201,"rx":67,"ry":82,"theta":0},"region_attributes":{"name":"heart","type":"unknown","image_quality":{"good":true,"frontal":true,"good_illumination":true}}}],"file_attributes":{"caption":"","public_domain":"no","image_url":""}},"1-074.dcm.jpg190498":{"filename":"1-074.dcm.jpg","size":190498,"regions":[{"shape_attributes":{"name":"ellipse","cx":258,"cy":202,"rx":72.111,"ry":82,"theta":0.055},"region_attributes":{"name":"heart","type":"unknown","image_quality":{"good":true,"frontal":true,"good_illumination":true}}}],"file_attributes":{"caption":"","public_domain":"no","image_url":""}},"1-075.dcm.jpg190890":{"filename":"1-075.dcm.jpg","size":190890,"regions":[{"shape_attributes":{"name":"ellipse","cx":259,"cy":200,"rx":70,"ry":81,"theta":0},"region_attributes":{"name":"heart","type":"unknown","image_quality":{"good":true,"frontal":true,"good_illumination":true}}}],"file_attributes":{"caption":"","public_domain":"no","image_url":""}},"1-076.dcm.jpg194726":{"filename":"1-076.dcm.jpg","size":194726,"regions":[{"shape_attributes":{"name":"ellipse","cx":260,"cy":200,"rx":75,"ry":84,"theta":0},"region_attributes":{"name":"heart","type":"unknown","image_quality":{"good":true,"frontal":true,"good_illumination":true}}}],"file_attributes":{"caption":"","public_domain":"no","image_url":""}},"1-077.dcm.jpg188389":{"filename":"1-077.dcm.jpg","size":188389,"regions":[{"shape_attributes":{"name":"ellipse","cx":260,"cy":198,"rx":71.805,"ry":86,"theta":0.225},"region_attributes":{"name":"heart","type":"unknown","image_quality":{"good":true,"frontal":true,"good_illumination":true}}}],"file_attributes":{"caption":"","public_domain":"no","image_url":""}},"1-078.dcm.jpg195173":{"filename":"1-078.dcm.jpg","size":195173,"regions":[{"shape_attributes":{"name":"ellipse","cx":263,"cy":198,"rx":75,"ry":86.006,"theta":3.13},"region_attributes":{"name":"heart","type":"unknown","image_quality":{"good":true,"frontal":true,"good_illumination":true}}}],"file_attributes":{"caption":"","public_domain":"no","image_url":""}},"1-079.dcm.jpg191344":{"filename":"1-079.dcm.jpg","size":191344,"regions":[{"shape_attributes":{"name":"ellipse","cx":264,"cy":198,"rx":76,"ry":85.212,"theta":-3.071},"region_attributes":{"name":"heart","type":"unknown","image_quality":{"good":true,"frontal":true,"good_illumination":true}}}],"file_attributes":{"caption":"","public_domain":"no","image_url":""}},"1-080.dcm.jpg193540":{"filename":"1-080.dcm.jpg","size":193540,"regions":[{"shape_attributes":{"name":"ellipse","cx":264,"cy":194,"rx":79,"ry":86,"theta":0},"region_attributes":{"name":"heart","type":"unknown","image_quality":{"good":true,"frontal":true,"good_illumination":true}}}],"file_attributes":{"caption":"","public_domain":"no","image_url":""}},"1-081.dcm.jpg190969":{"filename":"1-081.dcm.jpg","size":190969,"regions":[{"shape_attributes":{"name":"ellipse","cx":268,"cy":194,"rx":78,"ry":85,"theta":0},"region_attributes":{"name":"heart","type":"unknown","image_quality":{"good":true,"frontal":true,"good_illumination":true}}}],"file_attributes":{"caption":"","public_domain":"no","image_url":""}},"1-082.dcm.jpg185352":{"filename":"1-082.dcm.jpg","size":185352,"regions":[{"shape_attributes":{"name":"ellipse","cx":266,"cy":194,"rx":84.054,"ry":84,"theta":0.036},"region_attributes":{"name":"heart","type":"unknown","image_quality":{"good":true,"frontal":true,"good_illumination":true}}}],"file_attributes":{"caption":"","public_domain":"no","image_url":""}},"1-083.dcm.jpg180058":{"filename":"1-083.dcm.jpg","size":180058,"regions":[{"shape_attributes":{"name":"ellipse","cx":266,"cy":194,"rx":81,"ry":85,"theta":0},"region_attributes":{"name":"heart","type":"unknown","image_quality":{"good":true,"frontal":true,"good_illumination":true}}}],"file_attributes":{"caption":"","public_domain":"no","image_url":""}},"1-084.dcm.jpg187151":{"filename":"1-084.dcm.jpg","size":187151,"regions":[{"shape_attributes":{"name":"ellipse","cx":268,"cy":192,"rx":84,"ry":87,"theta":0},"region_attributes":{"name":"heart","type":"unknown","image_quality":{"good":true,"frontal":true,"good_illumination":true}}}],"file_attributes":{"caption":"","public_domain":"no","image_url":""}},"1-085.dcm.jpg191342":{"filename":"1-085.dcm.jpg","size":191342,"regions":[{"shape_attributes":{"name":"ellipse","cx":271,"cy":192,"rx":87,"ry":88,"theta":0},"region_attributes":{"name":"heart","type":"unknown","image_quality":{"good":true,"frontal":true,"good_illumination":true}}}],"file_attributes":{"caption":"","public_domain":"no","image_url":""}},"1-086.dcm.jpg190473":{"filename":"1-086.dcm.jpg","size":190473,"regions":[{"shape_attributes":{"name":"ellipse","cx":270,"cy":187,"rx":85,"ry":87,"theta":0},"region_attributes":{"name":"heart","type":"unknown","image_quality":{"good":true,"frontal":true,"good_illumination":true}}}],"file_attributes":{"caption":"","public_domain":"no","image_url":""}},"1-087.dcm.jpg188301":{"filename":"1-087.dcm.jpg","size":188301,"regions":[{"shape_attributes":{"name":"ellipse","cx":272,"cy":185,"rx":88,"ry":90,"theta":0},"region_attributes":{"name":"heart","type":"unknown","image_quality":{"good":true,"frontal":true,"good_illumination":true}}}],"file_attributes":{"caption":"","public_domain":"no","image_url":""}},"1-088.dcm.jpg189629":{"filename":"1-088.dcm.jpg","size":189629,"regions":[{"shape_attributes":{"name":"ellipse","cx":275,"cy":185,"rx":89.56,"ry":85,"theta":-0.112},"region_attributes":{"name":"heart","type":"unknown","image_quality":{"good":true,"frontal":true,"good_illumination":true}}}],"file_attributes":{"caption":"","public_domain":"no","image_url":""}},"1-089.dcm.jpg190271":{"filename":"1-089.dcm.jpg","size":190271,"regions":[{"shape_attributes":{"name":"ellipse","cx":273,"cy":184,"rx":90,"ry":91,"theta":0},"region_attributes":{"name":"heart","type":"unknown","image_quality":{"good":true,"frontal":true,"good_illumination":true}}}],"file_attributes":{"caption":"","public_domain":"no","image_url":""}},"1-090.dcm.jpg192582":{"filename":"1-090.dcm.jpg","size":192582,"regions":[{"shape_attributes":{"name":"ellipse","cx":278,"cy":187,"rx":100,"ry":89.022,"theta":-3.119},"region_attributes":{"name":"heart","type":"unknown","image_quality":{"good":true,"frontal":true,"good_illumination":true}}}],"file_attributes":{"caption":"","public_domain":"no","image_url":""}},"1-091.dcm.jpg190385":{"filename":"1-091.dcm.jpg","size":190385,"regions":[{"shape_attributes":{"name":"ellipse","cx":278,"cy":185,"rx":99.247,"ry":93,"theta":-0.071},"region_attributes":{"name":"heart","type":"unknown","image_quality":{"good":true,"frontal":true,"good_illumination":true}}}],"file_attributes":{"caption":"","public_domain":"no","image_url":""}},"1-092.dcm.jpg193579":{"filename":"1-092.dcm.jpg","size":193579,"regions":[{"shape_attributes":{"name":"ellipse","cx":277,"cy":182,"rx":103.175,"ry":87,"theta":-0.058},"region_attributes":{"name":"heart","type":"unknown","image_quality":{"good":true,"frontal":true,"good_illumination":true}}}],"file_attributes":{"caption":"","public_domain":"no","image_url":""}},"1-093.dcm.jpg190392":{"filename":"1-093.dcm.jpg","size":190392,"regions":[{"shape_attributes":{"name":"ellipse","cx":281,"cy":182,"rx":107.448,"ry":84,"theta":-0.254},"region_attributes":{"name":"heart","type":"unknown","image_quality":{"good":true,"frontal":true,"good_illumination":true}}}],"file_attributes":{"caption":"","public_domain":"no","image_url":""}},"1-094.dcm.jpg190741":{"filename":"1-094.dcm.jpg","size":190741,"regions":[{"shape_attributes":{"name":"ellipse","cx":280,"cy":183,"rx":106.104,"ry":86,"theta":-0.417},"region_attributes":{"name":"heart","type":"unknown","image_quality":{"good":true,"frontal":true,"good_illumination":true}}}],"file_attributes":{"caption":"","public_domain":"no","image_url":""}},"1-095.dcm.jpg184335":{"filename":"1-095.dcm.jpg","size":184335,"regions":[{"shape_attributes":{"name":"ellipse","cx":283,"cy":182,"rx":111.086,"ry":81,"theta":2.734},"region_attributes":{"name":"heart","type":"unknown","image_quality":{"good":true,"frontal":true,"good_illumination":true}}}],"file_attributes":{"caption":"","public_domain":"no","image_url":""}},"1-096.dcm.jpg184457":{"filename":"1-096.dcm.jpg","size":184457,"regions":[{"shape_attributes":{"name":"ellipse","cx":280,"cy":184,"rx":103.078,"ry":86,"theta":-0.399},"region_attributes":{"name":"heart","type":"unknown","image_quality":{"good":true,"frontal":true,"good_illumination":true}}}],"file_attributes":{"caption":"","public_domain":"no","image_url":""}},"1-097.dcm.jpg184539":{"filename":"1-097.dcm.jpg","size":184539,"regions":[{"shape_attributes":{"name":"ellipse","cx":281,"cy":184,"rx":110.073,"ry":85,"theta":-0.431},"region_attributes":{"name":"heart","type":"unknown","image_quality":{"good":true,"frontal":true,"good_illumination":true}}}],"file_attributes":{"caption":"","public_domain":"no","image_url":""}},"1-098.dcm.jpg185001":{"filename":"1-098.dcm.jpg","size":185001,"regions":[{"shape_attributes":{"name":"ellipse","cx":282,"cy":182,"rx":113.596,"ry":85,"theta":-0.456},"region_attributes":{"name":"heart","type":"unknown","image_quality":{"good":true,"frontal":true,"good_illumination":true}}}],"file_attributes":{"caption":"","public_domain":"no","image_url":""}},"1-099.dcm.jpg181848":{"filename":"1-099.dcm.jpg","size":181848,"regions":[{"shape_attributes":{"name":"ellipse","cx":276,"cy":180,"rx":108.005,"ry":80,"theta":2.507},"region_attributes":{"name":"heart","type":"unknown","image_quality":{"good":true,"frontal":true,"good_illumination":true}}}],"file_attributes":{"caption":"","public_domain":"no","image_url":""}},"1-100.dcm.jpg186038":{"filename":"1-100.dcm.jpg","size":186038,"regions":[{"shape_attributes":{"name":"ellipse","cx":281,"cy":177,"rx":106.024,"ry":74,"theta":-0.438},"region_attributes":{"name":"heart","type":"unknown","image_quality":{"good":true,"frontal":true,"good_illumination":true}}}],"file_attributes":{"caption":"","public_domain":"no","image_url":""}},"1-101.dcm.jpg184856":{"filename":"1-101.dcm.jpg","size":184856,"regions":[{"shape_attributes":{"name":"ellipse","cx":279,"cy":177,"rx":106,"ry":79.177,"theta":2.655},"region_attributes":{"name":"heart","type":"unknown","image_quality":{"good":true,"frontal":true,"good_illumination":true}}}],"file_attributes":{"caption":"","public_domain":"no","image_url":""}},"1-102.dcm.jpg187507":{"filename":"1-102.dcm.jpg","size":187507,"regions":[{"shape_attributes":{"name":"ellipse","cx":282,"cy":173,"rx":98,"ry":75.584,"theta":2.832},"region_attributes":{"name":"heart","type":"unknown","image_quality":{"good":true,"frontal":true,"good_illumination":true}}}],"file_attributes":{"caption":"","public_domain":"no","image_url":""}},"1-103.dcm.jpg183673":{"filename":"1-103.dcm.jpg","size":183673,"regions":[{"shape_attributes":{"name":"ellipse","cx":289,"cy":168,"rx":104.924,"ry":75,"theta":-0.192},"region_attributes":{"name":"heart","type":"unknown","image_quality":{"good":true,"frontal":true,"good_illumination":true}}}],"file_attributes":{"caption":"","public_domain":"no","image_url":""}},"1-104.dcm.jpg185045":{"filename":"1-104.dcm.jpg","size":185045,"regions":[{"shape_attributes":{"name":"ellipse","cx":287,"cy":165,"rx":99.825,"ry":70,"theta":-0.192},"region_attributes":{"name":"heart","type":"unknown","image_quality":{"good":true,"frontal":true,"good_illumination":true}}}],"file_attributes":{"caption":"","public_domain":"no","image_url":""}},"1-105.dcm.jpg186296":{"filename":"1-105.dcm.jpg","size":186296,"regions":[{"shape_attributes":{"name":"ellipse","cx":296,"cy":158,"rx":98.489,"ry":61,"theta":-0.225},"region_attributes":{"name":"heart","type":"unknown","image_quality":{"good":true,"frontal":true,"good_illumination":true}}}],"file_attributes":{"caption":"","public_domain":"no","image_url":""}},"1-106.dcm.jpg185763":{"filename":"1-106.dcm.jpg","size":185763,"regions":[{"shape_attributes":{"name":"ellipse","cx":305,"cy":152,"rx":77.369,"ry":56,"theta":-2.893},"region_attributes":{"name":"heart","type":"unknown","image_quality":{"good":true,"frontal":true,"good_illumination":true}}}],"file_attributes":{"caption":"","public_domain":"no","image_url":""}},"1-107.dcm.jpg185449":{"filename":"1-107.dcm.jpg","size":185449,"regions":[{"shape_attributes":{"name":"ellipse","cx":296,"cy":154,"rx":91,"ry":57.009,"theta":3.124},"region_attributes":{"name":"heart","type":"unknown","image_quality":{"good":true,"frontal":true,"good_illumination":true}}}],"file_attributes":{"caption":"","public_domain":"no","image_url":""}},"1-108.dcm.jpg187822":{"filename":"1-108.dcm.jpg","size":187822,"regions":[{"shape_attributes":{"name":"ellipse","cx":300,"cy":152,"rx":75.166,"ry":56,"theta":-0.067},"region_attributes":{"name":"heart","type":"unknown","image_quality":{"good":true,"frontal":true,"good_illumination":true}}}],"file_attributes":{"caption":"","public_domain":"no","image_url":""}},"1-109.dcm.jpg184784":{"filename":"1-109.dcm.jpg","size":184784,"regions":[{"shape_attributes":{"name":"ellipse","cx":299,"cy":143,"rx":93.022,"ry":56,"theta":-0.022},"region_attributes":{"name":"heart","type":"unknown","image_quality":{"good":true,"frontal":true,"good_illumination":true}}}],"file_attributes":{"caption":"","public_domain":"no","image_url":""}},"1-110.dcm.jpg187857":{"filename":"1-110.dcm.jpg","size":187857,"regions":[{"shape_attributes":{"name":"ellipse","cx":303,"cy":141,"rx":78.006,"ry":51,"theta":0.013},"region_attributes":{"name":"heart","type":"unknown","image_quality":{"good":true,"frontal":true,"good_illumination":true}}}],"file_attributes":{"caption":"","public_domain":"no","image_url":""}},"1-111.dcm.jpg189129":{"filename":"1-111.dcm.jpg","size":189129,"regions":[],"file_attributes":{"caption":"","public_domain":"no","image_url":""}},"1-112.dcm.jpg190802":{"filename":"1-112.dcm.jpg","size":190802,"regions":[],"file_attributes":{"caption":"","public_domain":"no","image_url":""}},"1-113.dcm.jpg188136":{"filename":"1-113.dcm.jpg","size":188136,"regions":[],"file_attributes":{"caption":"","public_domain":"no","image_url":""}},"1-114.dcm.jpg184022":{"filename":"1-114.dcm.jpg","size":184022,"regions":[],"file_attributes":{"caption":"","public_domain":"no","image_url":""}},"1-115.dcm.jpg185316":{"filename":"1-115.dcm.jpg","size":185316,"regions":[],"file_attributes":{"caption":"","public_domain":"no","image_url":""}},"1-116.dcm.jpg184977":{"filename":"1-116.dcm.jpg","size":184977,"regions":[],"file_attributes":{"caption":"","public_domain":"no","image_url":""}},"1-117.dcm.jpg184312":{"filename":"1-117.dcm.jpg","size":184312,"regions":[],"file_attributes":{"caption":"","public_domain":"no","image_url":""}},"1-118.dcm.jpg181032":{"filename":"1-118.dcm.jpg","size":181032,"regions":[],"file_attributes":{"caption":"","public_domain":"no","image_url":""}},"1-119.dcm.jpg181098":{"filename":"1-119.dcm.jpg","size":181098,"regions":[],"file_attributes":{"caption":"","public_domain":"no","image_url":""}},"1-120.dcm.jpg179513":{"filename":"1-120.dcm.jpg","size":179513,"regions":[],"file_attributes":{"caption":"","public_domain":"no","image_url":""}},"1-121.dcm.jpg178454":{"filename":"1-121.dcm.jpg","size":178454,"regions":[],"file_attributes":{"caption":"","public_domain":"no","image_url":""}},"1-122.dcm.jpg178665":{"filename":"1-122.dcm.jpg","size":178665,"regions":[],"file_attributes":{"caption":"","public_domain":"no","image_url":""}},"1-123.dcm.jpg177893":{"filename":"1-123.dcm.jpg","size":177893,"regions":[],"file_attributes":{"caption":"","public_domain":"no","image_url":""}},"1-124.dcm.jpg179349":{"filename":"1-124.dcm.jpg","size":179349,"regions":[],"file_attributes":{"caption":"","public_domain":"no","image_url":""}},"1-125.dcm.jpg179451":{"filename":"1-125.dcm.jpg","size":179451,"regions":[],"file_attributes":{"caption":"","public_domain":"no","image_url":""}},"1-126.dcm.jpg177562":{"filename":"1-126.dcm.jpg","size":177562,"regions":[],"file_attributes":{"caption":"","public_domain":"no","image_url":""}},"1-127.dcm.jpg172939":{"filename":"1-127.dcm.jpg","size":172939,"regions":[],"file_attributes":{"caption":"","public_domain":"no","image_url":""}},"1-128.dcm.jpg176707":{"filename":"1-128.dcm.jpg","size":176707,"regions":[],"file_attributes":{"caption":"","public_domain":"no","image_url":""}},"1-129.dcm.jpg177712":{"filename":"1-129.dcm.jpg","size":177712,"regions":[],"file_attributes":{"caption":"","public_domain":"no","image_url":""}},"1-130.dcm.jpg179210":{"filename":"1-130.dcm.jpg","size":179210,"regions":[],"file_attributes":{"caption":"","public_domain":"no","image_url":""}},"1-131.dcm.jpg177946":{"filename":"1-131.dcm.jpg","size":177946,"regions":[],"file_attributes":{"caption":"","public_domain":"no","image_url":""}}}
